{
  "name": "karaoke-editor",
  "version": "1.0.0",
  "description": "Word timing and pitch editor for karaoke preparation",
  "main": "src/main/main.js",
  "scripts": {
    "start": "electron .",
    "dev": "concurrently \"npm run dev:renderer\" \"wait-on http://localhost:3000 && electron . --dev\"",
    "dev:renderer": "vite",
    "build:renderer": "vite build",
    "build": "vite build && electron-builder",
    "pack": "electron-builder --dir"
  },
  "dependencies": {
    "react": "^18.2.0",
    "react-dom": "^18.2.0",
    "wavesurfer.js": "^7.4.0",
    "diff": "^5.1.0",
    "zustand": "^4.4.7"
  },
  "devDependencies": {
    "@types/react": "^18.2.0",
    "@types/react-dom": "^18.2.0",
    "@vitejs/plugin-react": "^3.1.0",
    "concurrently": "^7.6.0",
    "electron": "^22.3.27",
    "electron-builder": "^23.6.0",
    "electron-devtools-installer": "^3.2.0",
    "vite": "^4.5.0",
    "wait-on": "^7.0.1"
  },
  "build": {
    "appId": "com.karaoke.editor",
    "productName": "Karaoke Editor",
    "directories": {
      "output": "dist"
    },
    "files": [
      "src/main/**/*",
      "dist/**/*"
    ],
    "win": {
      "target": "nsis"
    }
  }
}
